Title,Company,Location,Apply Link
Human Resources Operations Specialist,EVERSANA,"Pune, Maharashtra, India",https://in.linkedin.com/jobs/view/human-resources-operations-specialist-at-eversana-4061509201?position=1&pageNum=37&refId=SSEVNUb5m9Y%2BLJxbAXvmLA%3D%3D&trackingId=l4WFcTK3UKghiSGN%2BmwhYQ%3D%3D
Technical Store Incharge,Givaudan,"Pune, Maharashtra, India",https://in.linkedin.com/jobs/view/technical-store-incharge-at-givaudan-4068493380?position=2&pageNum=37&refId=SSEVNUb5m9Y%2BLJxbAXvmLA%3D%3D&trackingId=Iw%2FkxKB3DAhqvewdwV8gwA%3D%3D
Front-End Developer,Hiring India Recruitment,"Pune, Maharashtra, India",https://in.linkedin.com/jobs/view/front-end-developer-at-hiring-india-recruitment-4073681953?position=3&pageNum=37&refId=SSEVNUb5m9Y%2BLJxbAXvmLA%3D%3D&trackingId=aAN%2BPdQZhTZOdx%2BwdQxN%2Bw%3D%3D
Process Specialist,Tata Consultancy Services,"Pune, Maharashtra, India",https://in.linkedin.com/jobs/view/process-specialist-at-tata-consultancy-services-4076131414?position=4&pageNum=37&refId=SSEVNUb5m9Y%2BLJxbAXvmLA%3D%3D&trackingId=3ozSAfiHtXjgvOnXSm4ufQ%3D%3D
Tour Executive,Podar Education Network,"Pune, Maharashtra, India",https://in.linkedin.com/jobs/view/tour-executive-at-podar-education-network-4073934373?position=6&pageNum=37&refId=SSEVNUb5m9Y%2BLJxbAXvmLA%3D%3D&trackingId=D%2B75YySSJ2uGY4CwWfLhAg%3D%3D
Sr. Manager- Finance & Accounting,Bajaj Finserv Health,"Pune, Maharashtra, India",https://in.linkedin.com/jobs/view/sr-manager-finance-accounting-at-bajaj-finserv-health-4062674678?position=7&pageNum=37&refId=SSEVNUb5m9Y%2BLJxbAXvmLA%3D%3D&trackingId=RVjCV3cDrgWMQ%2Bza9BKUWQ%3D%3D
Manager - Safety,Mahindra Group,"Pune, Maharashtra, India",https://in.linkedin.com/jobs/view/manager-safety-at-mahindra-group-4070625859?position=8&pageNum=37&refId=SSEVNUb5m9Y%2BLJxbAXvmLA%3D%3D&trackingId=E8r4g9%2F2hD9WIkWBihMAGw%3D%3D
Executive - HR - Operations - CBS - TAL - Talent Consulting - Pune,EY,"Pune, Maharashtra, India",https://in.linkedin.com/jobs/view/executive-hr-operations-cbs-tal-talent-consulting-pune-at-ey-4069175937?position=9&pageNum=37&refId=SSEVNUb5m9Y%2BLJxbAXvmLA%3D%3D&trackingId=zOwLhP5ylZ%2FIA7i3zlOfMA%3D%3D
Compliance Analyst,Mphasis,"Pune, Maharashtra, India",https://in.linkedin.com/jobs/view/compliance-analyst-at-mphasis-4074080554?position=10&pageNum=37&refId=SSEVNUb5m9Y%2BLJxbAXvmLA%3D%3D&trackingId=kBU83d7x8iHr8g7AtkZLSw%3D%3D
Python Developer,Acquiscent Technologies Pvt. Ltd.,"Pune, Maharashtra, India",https://in.linkedin.com/jobs/view/python-developer-at-acquiscent-technologies-pvt-ltd-4074128263?position=1&pageNum=45&refId=9JAp0%2Fe8dhTDP%2FvxbmL4Vg%3D%3D&trackingId=5fI%2B7NWwvmt8wve4dgtJ3A%3D%3D
Graphics Designer,ChiStats,"Pune, Maharashtra, India",https://in.linkedin.com/jobs/view/graphics-designer-at-chistats-4060903935?position=2&pageNum=45&refId=9JAp0%2Fe8dhTDP%2FvxbmL4Vg%3D%3D&trackingId=iYJCutv0xuaoYOYWu94%2BOw%3D%3D
Project Assistant - Level I - General Management,Cummins Inc.,"Pune, Maharashtra, India",https://in.linkedin.com/jobs/view/project-assistant-level-i-general-management-at-cummins-inc-4073476653?position=3&pageNum=45&refId=9JAp0%2Fe8dhTDP%2FvxbmL4Vg%3D%3D&trackingId=hNuhVWD%2B3%2Bnt2OVgR%2FBlLw%3D%3D
Performance Marketing Specialist,Pixis,"Pune, Maharashtra, India",https://in.linkedin.com/jobs/view/performance-marketing-specialist-at-pixis-4068388443?position=4&pageNum=45&refId=9JAp0%2Fe8dhTDP%2FvxbmL4Vg%3D%3D&trackingId=AJqC78nkEA2%2BLKaGV6DaVw%3D%3D
"Human Resources (HR) Internship in Mumbai, Chennai, Delhi, Pune, Bangalore, Hyderabad",Beep - Internship & Job Alerts,"Pune, Maharashtra, India",https://in.linkedin.com/jobs/view/human-resources-hr-internship-in-mumbai-chennai-delhi-pune-bangalore-hyderabad-at-beep-internship-job-alerts-4070093474?position=5&pageNum=45&refId=9JAp0%2Fe8dhTDP%2FvxbmL4Vg%3D%3D&trackingId=Vp3JI9cV8Mn4zaJmNNbnXw%3D%3D
Business Analyst - EIS,EPAM Systems,"Pune, Maharashtra, India",https://in.linkedin.com/jobs/view/business-analyst-eis-at-epam-systems-4074786270?position=6&pageNum=45&refId=9JAp0%2Fe8dhTDP%2FvxbmL4Vg%3D%3D&trackingId=RbvTtWJq6%2B0qaKWNU9nLiA%3D%3D
Data Scientist,NielsenIQ,"Pune, Maharashtra, India",https://in.linkedin.com/jobs/view/data-scientist-at-nielseniq-4068370819?position=7&pageNum=45&refId=9JAp0%2Fe8dhTDP%2FvxbmL4Vg%3D%3D&trackingId=L2KVCfLmkSinbjyiS5hiYQ%3D%3D
Credit Manager,ICICI Bank,"Pune, Maharashtra, India",https://in.linkedin.com/jobs/view/credit-manager-at-icici-bank-4075483805?position=8&pageNum=45&refId=9JAp0%2Fe8dhTDP%2FvxbmL4Vg%3D%3D&trackingId=8Y01%2BsfNU43vMNRIAeJvzg%3D%3D
Human Resources (HR) Internship in Pune,PRIMUS Techsystems Private Limited,"Pune, Maharashtra, India",https://in.linkedin.com/jobs/view/human-resources-hr-internship-in-pune-at-primus-techsystems-private-limited-4070094284?position=9&pageNum=45&refId=9JAp0%2Fe8dhTDP%2FvxbmL4Vg%3D%3D&trackingId=QgJ4zS0t3hv4q6TcunkEVA%3D%3D
Maintenance Engineer,JYOTI SOLUTIONSWORKS PRIVATE LIMITED,"Pune, Maharashtra, India",https://in.linkedin.com/jobs/view/maintenance-engineer-at-jyoti-solutionsworks-private-limited-4073919728?position=10&pageNum=45&refId=9JAp0%2Fe8dhTDP%2FvxbmL4Vg%3D%3D&trackingId=%2FCmC9JOx8O9j6VKOlSUgug%3D%3D
Field Sales Executive,ORRA Fine Jewellery,"Pune, Maharashtra, India",https://in.linkedin.com/jobs/view/field-sales-executive-at-orra-fine-jewellery-4073928458?position=1&pageNum=65&refId=vvWe3e%2B9crltIq23ciaPxg%3D%3D&trackingId=8fh8SE1FlLjDpZZDSh7jcQ%3D%3D
React js frontend developer,CodersBrain,"Pune, Maharashtra, India",https://in.linkedin.com/jobs/view/react-js-frontend-developer-at-codersbrain-4073926188?position=2&pageNum=65&refId=vvWe3e%2B9crltIq23ciaPxg%3D%3D&trackingId=%2B8U73VUN%2B8Lq%2BHewWQ%2BKWQ%3D%3D
Test Engineer,Wipro,"Pune, Maharashtra, India",https://in.linkedin.com/jobs/view/test-engineer-at-wipro-4073431615?position=3&pageNum=65&refId=vvWe3e%2B9crltIq23ciaPxg%3D%3D&trackingId=McdD5ysX5rYT7TpQ5IZkZg%3D%3D
Civil and structural engineer,SLB,"Pune, Maharashtra, India",https://in.linkedin.com/jobs/view/civil-and-structural-engineer-at-slb-4067224166?position=4&pageNum=65&refId=vvWe3e%2B9crltIq23ciaPxg%3D%3D&trackingId=YuRmFzR2fmQizaWjjeulDw%3D%3D
Recruitment Specialist,Bits In Glass (India & UK),"Pune, Maharashtra, India",https://in.linkedin.com/jobs/view/recruitment-specialist-at-bits-in-glass-india-uk-4067407876?position=5&pageNum=65&refId=vvWe3e%2B9crltIq23ciaPxg%3D%3D&trackingId=2sbeaaC7m%2BFJdZNvTgWYQA%3D%3D
IN-Associate –Contract lifecycle Management-CLM (Contract and compliance) – TRS–Pune.,PwC India,"Pune, Maharashtra, India",https://in.linkedin.com/jobs/view/in-associate-%E2%80%93contract-lifecycle-management-clm-contract-and-compliance-%E2%80%93-trs%E2%80%93pune-at-pwc-india-4060915605?position=6&pageNum=65&refId=vvWe3e%2B9crltIq23ciaPxg%3D%3D&trackingId=MCqc2UmWxefJmKVSJjBXtw%3D%3D
Client Partner,DViO Digital,"Pune, Maharashtra, India",https://in.linkedin.com/jobs/view/client-partner-at-dvio-digital-4068365129?position=7&pageNum=65&refId=vvWe3e%2B9crltIq23ciaPxg%3D%3D&trackingId=YGDKMSI65ZYiIqFjVdk%2FSw%3D%3D
PLC Engineer,DVS MECH SOLUTIONS,"Pune, Maharashtra, India",https://in.linkedin.com/jobs/view/plc-engineer-at-dvs-mech-solutions-4071456439?position=8&pageNum=65&refId=vvWe3e%2B9crltIq23ciaPxg%3D%3D&trackingId=KLrI%2FRMeoxZfzyVd64I8FQ%3D%3D
Project Engineer,Rockwell Automation,"Pune, Maharashtra, India",https://in.linkedin.com/jobs/view/project-engineer-at-rockwell-automation-4062526226?position=9&pageNum=65&refId=vvWe3e%2B9crltIq23ciaPxg%3D%3D&trackingId=W0L3FSrMyar%2FgVfrYR5fFA%3D%3D
Java Developer,Career Grow Solutions,"Pune, Maharashtra, India",https://in.linkedin.com/jobs/view/java-developer-at-career-grow-solutions-4074803416?position=10&pageNum=65&refId=vvWe3e%2B9crltIq23ciaPxg%3D%3D&trackingId=91RpAI4qM7NWwHLSmkGdIQ%3D%3D
Network Engineer,MAITREYEE IT SERVICES PVT. LTD.,"Pune, Maharashtra, India",https://in.linkedin.com/jobs/view/network-engineer-at-maitreyee-it-services-pvt-ltd-4048230118?position=1&pageNum=70&refId=kbmkiGTLOkQN30ObzipMIA%3D%3D&trackingId=GE0YADYOZICo6lKC4iADdQ%3D%3D
Project Manager,Volibits,"Pune, Maharashtra, India",https://in.linkedin.com/jobs/view/project-manager-at-volibits-4072108000?position=2&pageNum=70&refId=kbmkiGTLOkQN30ObzipMIA%3D%3D&trackingId=Szgfz3KFrZ%2BZmQJ%2BNE9Yzg%3D%3D
Product Manager,Confidential,"Pune, Maharashtra, India",https://in.linkedin.com/jobs/view/product-manager-at-confidential-4068004319?position=3&pageNum=70&refId=kbmkiGTLOkQN30ObzipMIA%3D%3D&trackingId=Dl7sbM3XLEnc7YDiTtnPNQ%3D%3D
Site Engineer,RentoMojo,"Pune, Maharashtra, India",https://in.linkedin.com/jobs/view/site-engineer-at-rentomojo-4070305699?position=4&pageNum=70&refId=kbmkiGTLOkQN30ObzipMIA%3D%3D&trackingId=0%2FKEn1YrVKA2m7S7%2BZpQMA%3D%3D
Financial Admin Assistant,UPS,"Pune, Maharashtra, India",https://in.linkedin.com/jobs/view/financial-admin-assistant-at-ups-4065185961?position=5&pageNum=70&refId=kbmkiGTLOkQN30ObzipMIA%3D%3D&trackingId=QuMpYDincfw3NYagqVz0pg%3D%3D
Operations Specialist,Actualize,"Pune, Maharashtra, India",https://in.linkedin.com/jobs/view/operations-specialist-at-actualize-4050388719?position=6&pageNum=70&refId=kbmkiGTLOkQN30ObzipMIA%3D%3D&trackingId=BocCeIctyX8pn%2FU%2BrEVIPA%3D%3D
Vice President Operations,bluCognition,"Pune, Maharashtra, India",https://in.linkedin.com/jobs/view/vice-president-operations-at-blucognition-4076161655?position=7&pageNum=70&refId=kbmkiGTLOkQN30ObzipMIA%3D%3D&trackingId=dCKQQwGOEmg7KkVO9TY%2FAA%3D%3D
VP-Marketing,Reliable Group,"Pune, Maharashtra, India",https://in.linkedin.com/jobs/view/vp-marketing-at-reliable-group-4059677762?position=8&pageNum=70&refId=kbmkiGTLOkQN30ObzipMIA%3D%3D&trackingId=IZHqp%2FXgigp6pq5UCJjWUw%3D%3D
Product Business Analyst,EVERSANA,"Pune, Maharashtra, India",https://in.linkedin.com/jobs/view/product-business-analyst-at-eversana-4059098632?position=9&pageNum=70&refId=kbmkiGTLOkQN30ObzipMIA%3D%3D&trackingId=pImpkgXdmhUmZULHdfsiLg%3D%3D
Deputy Manager,Wipro,"Pune, Maharashtra, India",https://in.linkedin.com/jobs/view/deputy-manager-at-wipro-4055006948?position=10&pageNum=70&refId=kbmkiGTLOkQN30ObzipMIA%3D%3D&trackingId=7zu9FeTi9JznZxXt9a96gg%3D%3D
